text,is_skill
"Desarrollo de aplicaciones móviles en Android y iOS",1
"Trabajo en equipo y comunicación efectiva",0
"Experiencia en bases de datos relacionales como MySQL y PostgreSQL",1
"Capacidad de liderazgo y resolución de conflictos",0
"Mantenimiento de servidores y redes LAN/WAN",1
"Certificado en Python y Machine Learning",1
"Implementación de soluciones en la nube con AWS",1
"Proyectos de mejora continua en empresas",0
"Desarrollo con frameworks como Django y Flask",1
"Análisis de datos con SQL y Excel avanzado",1
"Gestión de proyectos de desarrollo de software",1
"Atención al cliente y manejo de quejas",0
"Redacción de manuales técnicos y documentación de procesos",0
"Automatización de procesos con Jenkins y Ansible",1
"Certificación en Cisco CCNA",1
"JavaScript",1
"Azure on Cloud",1
"Node.js",1
"React",1
"Angular",1
"Git",1
"Docker",1
"Networking",1
"DevOps",1
"Python",1
"MongoDB",1
"C++",1
"Desarrollo de API REST",1
"Kubernetes",1
"Machine Learning",1
"Gestión de redes y sistemas informáticos",1
"Optimización de motores de búsqueda (SEO)",1
"Instalación de sistemas operativos y particionado de discos",1
"Coordinación de eventos empresariales",0
"Implementación de redes de fibra óptica",1
"Capacitación en metodologías Lean y Six Sigma",0
"Desarrollo de aplicaciones multiplataforma con Flutter",1
"Administración de servidores Windows y Linux",1
"Consultoría en proyectos de transformación digital",1
"Desarrollo de algoritmos de machine learning",1
"Gestión de plataformas e-learning y Moodle",1
"Instalación de sistemas de videovigilancia y CCTV",1
"Optimización de algoritmos y estructuras de datos",1
"Automatización de procesos en empresas industriales",1
"Elaboración de contratos y acuerdos comerciales",0
"Linux",1
"Jira",1
"Cloud",1
"Salesforce",1
"PostgreSQL",1
"Excel",1
"GitHub",1
"Trello",1
"FastAPI",1
"Flask",1
"Ruby on Rails",1
"Selenium",1
"MySQL",1
"WordPress",1
"TensorFlow",1
"Capacidad para resolver problemas complejos",0
"Experiencia con redes sociales",0
"Desarrollo de aplicaciones web con Vue.js",1
"Implementación de Big Data en entornos productivos",1
"Manejo de Microsoft Office",0
"Desarrollo de aplicaciones en tiempo real con Node.js",1
"Configuración de servidores Apache y Nginx",1
"Programación orientada a objetos en Java",1
"Conocimiento en gestión de servicios ITIL",1
"Redacción de informes ejecutivos",0
"Atención al cliente en tiendas minoristas",0
"Uso de metodologías ágiles como SCRUM",1
"Implementación de estrategias de marketing digital",0
"Desarrollo de sistemas de recomendación con Python",1
"Creación de sistemas embebidos con C++",1
"Capacitación de personal en uso de herramientas digitales",0
"Instalación de redes de área local",1
"Experiencia en mantenimiento de servidores Linux",1
"Optimización de motores de bases de datos",1
"Creación de chatbots con IA",1
"Capacidad para trabajar bajo presión",0
"Desarrollo de aplicaciones de escritorio con Electron",1
"Optimización de recursos en entornos virtualizados",1
"Gestión de infraestructura con Terraform",1
"Experiencia en cloud computing",1
"Administración de bases de datos con MongoDB",1
"Instalación de sistemas de seguridad en redes",1
"Elaboración de reportes financieros",0
"Configuración de entornos de desarrollo con Docker",1
"Programación en Bash y PowerShell",1
"Capacidad de análisis de datos con R",1
"Análisis y procesamiento de grandes volúmenes de datos",1
"Desarrollo de modelos predictivos con Python",1
"Planificación de proyectos empresariales",0
"Optimización de procesos de negocio con Lean",0
"Gestión de plataformas en la nube",1
"Desarrollo de videojuegos con Unity",1
"Configuración de sistemas de backup",1
"Redacción de manuales operativos",0
"Gestión de procesos de manufactura",0
"Desarrollo de interfaces de usuario con Vue.js y React",1
"Capacitación en el uso de Git y GitHub",1
"Implementación de servidores con Linux y Windows",1
"Desarrollo de aplicaciones móviles con Swift",1
"Redacción de propuestas comerciales",0
"Instalación de sistemas de control de acceso",1
"Programación en lenguajes como Python, Java y C++",1
"Optimización de rendimiento de aplicaciones web",1
"Elaboración de estrategias de ventas",0
"Automatización de procesos empresariales",1
"Configuración de redes inalámbricas",1
"Instalación de sistemas de comunicación por voz sobre IP",1
"Elaboración de estudios de mercado",0
"Análisis de sistemas informáticos",1
"Implementación de sistemas ERP en empresas",1
"Capacitación de personal en metodologías ágiles",1
"Análisis de rendimiento de aplicaciones web",1
"Gestión de bases de datos SQL y NoSQL",1
"Desarrollo de sistemas de inteligencia artificial",1
"Instalación y configuración de routers",1
"Elaboración de proyectos empresariales",0
"Implementación de arquitecturas de microservicios",1
"Desarrollo de aplicaciones web con Angular y React",1
"Análisis financiero y gestión de riesgos",0
"Optimización de redes y sistemas distribuidos",1
"Capacidad para liderar equipos de trabajo",0
"Desarrollo de algoritmos para procesamiento de datos",1
"Configuración de servidores web con Apache",1
"Programación de microservicios con Go",1
"Capacidad para trabajar en entornos multiculturales",0
"Optimización de procesos industriales",0
"Desarrollo de aplicaciones para comercio electrónico",1
"Configuración de firewalls y sistemas de seguridad",1
"Gestión de entornos cloud con AWS y GCP",1
"Desarrollo de soluciones en blockchain",1
"Creación de campañas publicitarias en redes sociales",0
"Optimización de infraestructura IT",1
"Desarrollo de sistemas de videovigilancia",1
"Análisis de tendencias de mercado",0
"Implementación de servidores en entornos virtuales",1
"Programación de scripts en Bash y Python",1
"Gestión de plataformas tecnológicas en empresas",1
"Desarrollo de chatbots para atención al cliente",1
"Optimización de motores de búsqueda (SEO y SEM)",1
"Gestión de redes empresariales",1
"Configuración de plataformas de big data",1
"Desarrollo de soluciones en inteligencia artificial",1
"Capacitación de equipos de ventas",0
"Programación en Python para machine learning",1
"Implementación de soluciones de business intelligence",1
"Desarrollo de modelos de machine learning en R",1
"Configuración de servidores con Docker y Kubernetes",1
"Optimización de sistemas de bases de datos",1
"Elaboración de estrategias de marketing",0
"Implementación de redes de alta velocidad",1
"Capacitación en el uso de herramientas de productividad",0
"Implementación de soluciones en la nube",1
"Desarrollo de aplicaciones con Django",1
"Redacción de documentos técnicos",0
"Programación en lenguajes como Go y Rust",1
"Análisis de datos con Python y R",1
"Elaboración de estudios financieros",0
"Desarrollo de soluciones de automatización",1
"Implementación de plataformas cloud",1
"Optimización de procesos IT",1
"Desarrollo de aplicaciones móviles con React Native",1
"Implementación de sistemas de inteligencia empresarial",1
"Experiencia en gestión de proyectos con metodologías ágiles",1
"Gestión de proyectos utilizando PMI",1
"Administración de bases de datos Oracle",1
"Desarrollo de aplicaciones web con Ruby on Rails",1
"Administración y configuración de servidores en la nube",1
"Habilidades para coordinar proyectos internacionales",0
"Conocimientos en gestión de presupuestos empresariales",0
"Diseño de interfaces de usuario intuitivas y atractivas",1
"Desarrollo de políticas de ciberseguridad",1
"Gestión de relaciones con clientes utilizando CRM",1
"Conocimientos en marketing digital y SEO avanzado",1
"Redacción de contenidos para blogs y redes sociales",0
"Experiencia en ventas y atención al cliente",0
"Desarrollo de software embebido para dispositivos IoT",1
"Mantenimiento y soporte de infraestructuras IT",1
"Diseño y ejecución de pruebas de software",1
"Planificación estratégica y toma de decisiones",0
"Capacidad de adaptación a entornos cambiantes",0
"Conocimientos en gestión de la cadena de suministro",0
"Desarrollo de aplicaciones serverless",1
"Aplicación de algoritmos de aprendizaje profundo",1
"Análisis de datos y creación de modelos predictivos",1
"Habilidades en comunicación y negociación",0
"Conocimientos en compliance y auditoría interna",0
"Diseño gráfico y creación de material publicitario",1
"Desarrollo de videojuegos en plataformas móviles",1
"Implementación de sistemas de realidad aumentada",1
"Conocimientos avanzados en criptografía y seguridad",1
"Habilidad para adaptarse a diferentes culturas",0
"Experiencia en logística y gestión de almacenes",0
"Implementación de plataformas de pago en línea",1
"Análisis de datos",1
"Liderazgo de equipo",0
"Python avanzado",1
"Gestión del estrés en situaciones laborales",0
"Programación en Java",1
"Comunicación efectiva",0
"Aprendizaje automático",1
"Pensamiento analítico",0
"Diseño UX/UI",1
"Atención al detalle",0
"Administración de redes",1
"Negociación",0
"Desarrollo web",1
"Pensamiento crítico",0
"Marketing digital",1
"Adaptabilidad",0
"Bases de datos",1
"Trabajo en equipo",0
"Ciberseguridad",1
"Creatividad",0
"Cloud Computing",1
"Gestión del tiempo",0
"Programación en C#",1
"Empatía",0
"Big Data",1
"Proactividad",0
"Inteligencia emocional",0
"Desarrollo Agile",1
"Organización",0
"Análisis financiero",1
"Capacidad de aprendizaje",0
"Inteligencia artificial",1
"Orientación al cliente",0
"Java",1
"Paciencia",0
"SQL",1
"Confianza",0
"HTML",1
"Motivación",0
"CSS",1
"Integridad",0
"Jenkins",1
"Responsabilidad",0
"Kotlin",1
"Honestidad",0
"TypeScript",1
"Optimismo",0
"AWS",1
"Puntualidad",0
"Azure",1
"Dedicación",0
"Golang",1
"Disciplina",0
"Photoshop",1
"Resiliencia",0
"Illustrator",1
"Respeto",0
"Express.js",1
"Colaboración",0
"SQL Server",1
"Confidencialidad",0
"Hadoop",1
"Perseverancia",0
"Scala",1
"Transparencia",0
"PyTorch",1
"Compromiso",0
"Desarrollo de aplicaciones móviles con Ionic",1
"Implementación de sistemas de inteligencia empresarial",1
"Experiencia en dirección de proyectos con metodologías Scrum",1
"Gestión de proyectos utilizando el marco de trabajo Kanban",1
"Administración de bases de datos con SQL Server",1
"Desarrollo de aplicaciones web usando Laravel",1
"Administración y configuración de servicios cloud",1
"Habilidades para liderar equipos multidisciplinarios",0
"Conocimientos en análisis financiero corporativo",0
"Diseño de experiencias de usuario innovadoras",1
"Desarrollo de estrategias de ciberseguridad avanzadas",1
"Gestión de relaciones con clientes mediante CRM",1
"Conocimientos en marketing digital y SEM",1
"Creación de contenido para plataformas digitales",0
"Experiencia en soporte técnico y atención al cliente",0
"Desarrollo de firmware para dispositivos IoT",1
"Mantenimiento y soporte de sistemas de información",1
"Diseño y ejecución de pruebas de estrés",1
"Pensamiento estratégico y liderazgo",0
"Capacidad de adaptación a entornos dinámicos",0
"Conocimientos en logística y supply chain",0
"Desarrollo de aplicaciones con arquitectura de microservicios",1
"Implementación de algoritmos de aprendizaje profundo",1
"Análisis estadístico y modelos predictivos",1
"Habilidades en presentación y comunicación",0
"Conocimientos en auditorías y compliance",0
"Diseño gráfico y edición multimedia",1
"Desarrollo de videojuegos para consolas",1
"Implementación de sistemas de realidad virtual",1
"Conocimientos avanzados en seguridad informática",1
"Habilidad para trabajar en equipos multiculturales",0
"Experiencia en gestión de inventarios",0
"Implementación de pasarelas de pago online",1
"Análisis de datos con herramientas BI",1
"Capacidad de liderazgo",0
"Programación en lenguaje R",1
"Manejo del estrés laboral",0
"Programación en Swift para iOS",1
"Escucha activa y empatía",0
"Procesamiento de lenguaje natural (NLP)",1
"Resolución de problemas complejos",0
"Edición de video y animación",1
"Empatía con el cliente",0
"Administración de sistemas Unix",1
"Negociación y mediación",0
"Desarrollo full-stack con MERN",1
"Pensamiento innovador y creativo",0
"Estrategias de marketing digital",1
"Flexibilidad y adaptabilidad",0
"Administración de sistemas Windows",1
"Trabajo colaborativo en equipo",0
"Seguridad cibernética",1
"Creatividad e innovación",0
"Cloud computing avanzado",1
"Gestión efectiva del tiempo",0
"Programación en lenguaje PHP",1
"Trabajo bajo presión",0
"Ciencia de datos",1
"Orientación a resultados",0
"Machine learning aplicado",1
"Motivación al logro",0
"Desarrollo de software ágil",1
"Servicio al cliente",0
"Bases de datos relacionales",1
"Integridad y ética profesional",0
"Desarrollo front-end",1
"Pasión por el aprendizaje",0
"Desarrollo back-end",1
"Trabajo ético",0
"Automatización con Ansible",1
"Espíritu emprendedor",0
"Programación en Rust",1
"Adaptación al cambio",0
"Desarrollo de APIs con GraphQL",1
"Actitud positiva",0
"Implementación en Google Cloud",1
"Compromiso con el equipo",0
"Orquestación con OpenShift",1
"Pensamiento estratégico",0
"Programación en Scala",1
"Comunicación interpersonal",0
"Diseño con Adobe XD",1
"Responsabilidad social",0
"Modelado 3D con SolidWorks",1
"Confianza en uno mismo",0
"Desarrollo con Next.js",1
"Transparencia en el trabajo",0
"Gestión de contenedores con Docker Swarm",1
"Trabajo en red",0
"Desarrollo de aplicaciones con Firebase",1
"Respeto hacia los demás",0
"Procesamiento de datos con Apache Spark",1
"Colaboración efectiva",0
"Bases de datos gráficas con Neo4j",1
"Compromiso con la calidad",0
"Modelos avanzados con TensorFlow",1
"Resolución de conflictos",0
"Capacidad para trabajar en equipo",0
"Desarrollo de aplicaciones multiplataforma",1
"Optimización de código y refactorización",1
"Gestión de la seguridad en redes informáticas",1
"Elaboración de informes técnicos y reportes",0
"Implementación de sistemas ERP en empresas",1
"Programación en MATLAB para análisis numérico",1
"Experiencia en atención al cliente",0
"Aprendizaje rápido de nuevas tecnologías",0
"Desarrollo de aplicaciones en Ruby on Rails",1
"Configuración de servidores DNS y DHCP",1
"Análisis y diseño de sistemas de información",1
"Conocimientos en manufactura esbelta",0
"Gestión de proyectos con PMP",1
"Elaboración de planes de negocio",0
"Programación en Perl y scripting",1
"Planificación y organización",0
"Business Intelligence",1
"Atención a los detalles",0
"Desarrollo de aplicaciones en .NET Core",1
"Análisis de requerimientos funcionales",1
"Configuración de sistemas operativos Linux",1
"Negociación y gestión de conflictos",0
"Implementación de políticas de seguridad IT",1
"Análisis de mercado y tendencias",0
"Desarrollo de aplicaciones de realidad aumentada",1
"Gestión de proveedores y compras",0
"Desarrollo de aplicaciones móviles",1
"Capacidad de síntesis y análisis",0
"Implementación de soluciones de Internet de las Cosas",1
"Análisis financiero y contable",0
"Programación en lenguajes funcionales como Haskell",1
"Capacidad para trabajar de forma independiente",0
"Diseño y desarrollo de bases de datos NoSQL",1
"Experiencia en gestión de riesgos y cumplimiento",0
"Implementación de sistemas de control de versiones con Git",1
"Habilidades avanzadas en Excel y análisis de datos",1
"Coordinación de equipos de desarrollo internacional",0
"Desarrollo de aplicaciones con inteligencia artificial",1
"Conocimientos en gestión de recursos humanos",0
"Mantenimiento preventivo y correctivo de hardware",1
"Capacidad para aprender rápidamente nuevas tecnologías",0
"Desarrollo de aplicaciones con microservicios",1
"Habilidades de liderazgo y motivación",0
"Programación en lenguajes ensambladores",1
"Gestión de proyectos con metodologías PRINCE2",1
"Adaptabilidad a diferentes entornos laborales",0
"Desarrollo de aplicaciones con Xamarin",1
"Conocimientos en derecho laboral",0
"Implementación de sistemas de gestión de contenidos",1
"Capacidad para tomar decisiones informadas",0
"Análisis y diseño orientado a objetos",1
"Experiencia en servicio al cliente",0
"Programación de videojuegos en Unreal Engine",1
"Habilidades en oratoria y presentaciones",0
"Desarrollo de aplicaciones de realidad mixta",1
"Conocimientos en planificación financiera",0
"Administración de sistemas basados en Unix",1
"Trabajo en entornos multiculturales",0
"Implementación de algoritmos genéticos",1
"Habilidades en gestión del cambio",0
"Desarrollo de plugins para WordPress",1
"Conocimientos en psicología organizacional",0
"Análisis de datos con herramientas de visualización",1
"Capacidad para resolver conflictos",0
"Desarrollo de chatbots con Microsoft Bot Framework",1
"Experiencia en ventas B2B",0
"Programación en lenguajes de scripting como Lua",1
"Habilidades en gestión de eventos",0
"Desarrollo de aplicaciones con Electron",1
"Conocimientos en educación y formación",0
"Implementación de sistemas de gestión de identidades",1
"Trabajo bajo presión",0
"Análisis de requerimientos de software",1
"Experiencia en telemarketing",0
"Programación en FORTRAN para cálculos científicos",1
"Habilidades en gestión de la calidad",0
"Desarrollo de aplicaciones con Blazor",1
"Conocimientos en gestión ambiental",0
"Implementación de sistemas de videoconferencia",1
"Capacidad para priorizar tareas",0
"Desarrollo de aplicaciones con Kotlin",1
"Experiencia en relaciones públicas",0
"Programación en COBOL para sistemas heredados",1
"Habilidades en manejo de crisis",0
"Desarrollo de aplicaciones con Svelte",1
"Conocimientos en gestión cultural",0
"Implementación de sistemas de autenticación biométrica",1
"Trabajo en equipos remotos",0
"Análisis de señales y procesamiento digital",1
"Experiencia en atención al cliente",0
"Programación en MATLAB para simulaciones",1
"Habilidades en organización de eventos",0
"Desarrollo de aplicaciones con plataformas de bajo código",1
"Conocimientos en gestión de la innovación",0
"Implementación de sistemas de logística inversa",1
"Capacidad para negociar acuerdos",0
"Análisis de sistemas de información",1
"Experiencia en gestión de comunidades online",0
"Programación en Erlang para sistemas concurrentes",1
"Habilidades en coaching y mentoring",0
"Desarrollo de aplicaciones progresivas (PWA)",1
"Conocimientos en investigación de mercados",0
"Implementación de sistemas de gestión de aprendizaje",1
"Manejo de múltiples proyectos simultáneos",0
"Análisis de negocios y procesos",1
"Experiencia en gestión de patrimonio",0
"Programación en Dart para Flutter",1
"Habilidades en storytelling",0
"Diseño de interfaces con Figma",1
"Conocimientos en sociología empresarial",0
"Implementación de sistemas de geolocalización",1
"Trabajo con plazos ajustados",0
"Análisis de seguridad y detección de vulnerabilidades",1
"Experiencia en gestión de recursos",0
"Programación en Visual Basic",1
"Habilidades en manejo de personal",0
"Desarrollo de aplicaciones con Apache Cordova",1
"Conocimientos en turismo y hospitalidad",0
"Implementación de sistemas de monitorización",1
"Gestión efectiva de conflictos",0
"Análisis de datos con Tableau",1
"Experiencia en trabajo voluntario",0
"Programación en Assembly",1
"Habilidades en negociación",0
"Desarrollo de aplicaciones con Ember.js",1
"Conocimientos en lingüística computacional",0
"Implementación de sistemas de inteligencia geográfica",1
"Capacidad para liderar equipos",0
"Análisis de rendimiento de aplicaciones",1
"Experiencia en gestión de contenido",0
"Programación en Python para análisis de datos",1
"Desarrollo de aplicaciones web con ASP.NET",1
"Manejo de bases de datos SQL y NoSQL",1
"Implementación de algoritmos de aprendizaje automático",1
"Diseño de interfaces de usuario con Adobe XD",1
"Optimización de consultas SQL",1
"Administración de servidores Linux",1
"Desarrollo de aplicaciones móviles con Kotlin",1
"Programación en JavaScript",1
"Conocimientos avanzados de React",1
"Capacidad de trabajar en equipo",0
"Excelente comunicación verbal y escrita",0
"Adaptabilidad a cambios",0
"Liderazgo y motivación",0
"Orientado al detalle",0
"Trabajo bajo presión",0
"Habilidades interpersonales",0
"Actitud positiva",0
"Pensamiento crítico",0
"Buena ética de trabajo",0
"Programación en lenguaje Rust",1
"Desarrollo de aplicaciones con Vue.js",1
"Administración de sistemas en AWS",1
"Implementación de DevOps con Jenkins y Kubernetes",1
"Análisis de datos con Python y Pandas",1
"Desarrollo de microservicios",1
"Automatización de pruebas con Selenium",1
"Gestión de proyectos con Jira",1
"Desarrollo backend con Node.js",1
"Integración continua y despliegue continuo (CI/CD)",1
"Buena organización personal",0
"Atención al cliente",0
"Dispuesto a aprender",0
"Responsabilidad y compromiso",0
"Pensamiento analítico",0
"Capacidad de negociación",0
"Flexibilidad horaria",0
"Trabajo independiente",0
"Creatividad e innovación",0
"Gestión del tiempo",0
"Programación en SQL",1
"Conocimiento de sistemas ERP",1
"Desarrollo de aplicaciones con Laravel",1
"Implementación de sistemas de gestión de contenidos (CMS)",1
"Administración de bases de datos MySQL",1
"Desarrollo de aplicaciones Android",1
"Programación en C#",1
"Desarrollo de APIs RESTful",1
"Gestión de servidores Windows",1
"Configuración de redes LAN y WAN",1
"Habilidades de presentación",0
"Empatía y escucha activa",0
"Capacidad de resolución de problemas",0
"Proactividad",0
"Aprendizaje rápido",0
"Ética profesional",0
"Trabajo en entornos multiculturales",0
"Adaptación a nuevos entornos",0
"Capacidad de análisis",0
"Motivación al logro",0
"Desarrollo de aplicaciones con Django",1
"Programación en MATLAB",1
"Análisis estadístico con SPSS",1
"Implementación de soluciones de inteligencia de negocios (BI)",1
"Programación en PHP",1
"Desarrollo de aplicaciones iOS con Swift",1
"Análisis de sistemas",1
"Desarrollo de videojuegos con Unity",1
"Modelado de datos",1
"Implementación de sistemas CRM",1
"Capacidad de trabajar bajo presión",0
"Pensamiento estratégico",0
"Orientación al cliente",0
"Habilidades de negociación",0
"Disposición para viajar",0
"Resiliencia",0
"Sentido de urgencia",0
"Capacidad de síntesis",0
"Orientación a resultados",0
"Programación en Go",1
"Desarrollo de aplicaciones web con Flask",1
"Administración de bases de datos PostgreSQL",1
"Implementación de seguridad informática",1
"Análisis forense digital",1
"Programación en Scala",1
"Desarrollo de aplicaciones con Electron",1
"Gestión de proyectos con Scrum",1
"Análisis de big data con Hadoop",1
"Programación en Perl",1
"Habilidad para priorizar tareas",0
"Excelente manejo del estrés",0
"Capacidad de multitarea",0
"Empatía hacia el cliente",0
"Habilidades de mentoría",0
"Buen juicio y toma de decisiones",0
"Paciencia y tolerancia",0
"Compromiso con la empresa",0
"Autodisciplina",0
"Colaboración en equipo",0
"Programación en Assembly",1
"Implementación de redes inalámbricas",1
"Desarrollo de aplicaciones con Ruby",1
"Administración de sistemas Unix/Linux",1
"Programación en Objective-C",1
"Implementación de soluciones en Azure",1
"Desarrollo de aplicaciones con Firebase",1
"Programación en Lisp",1
"Conocimientos en ciberseguridad",1
"Desarrollo de aplicaciones con AWS Lambda",1
"Habilidades de comunicación no verbal",0
"Pensamiento creativo",0
"Capacidad de innovación",0
"Responsabilidad social",0
"Trabajo ético",0
"Compromiso con el medio ambiente",0
"Habilidad para trabajar en ambientes ambiguos",0
"Pensamiento global",0
"Habilidad para aprender de los errores",0
"Compromiso con el aprendizaje continuo",0
"Análisis de requisitos",1
"Desarrollo de pruebas unitarias",1
"Implementación de metodologías ágiles",1
"Programación en R",1
"Administración de servidores web Apache",1
"Desarrollo de aplicaciones en SharePoint",1
"Implementación de soluciones de blockchain",1
"Análisis de riesgos de seguridad",1
"Desarrollo de software seguro",1
"Programación en COBOL",1
"Capacidad de planificación",0
"Habilidad para establecer relaciones",0
"Habilidades interpersonales",0
"Actitud de servicio",0
"Orientación al detalle",0
"Inteligencia emocional",0
"Buen sentido del humor",0
"Habilidades de escritura",0
"Confiabilidad",0
"Integridad personal",0
"Desarrollo de aplicaciones web con Spring Boot",1
"Programación en TypeScript",1
"Análisis y diseño de sistemas",1
"Implementación de algoritmos de inteligencia artificial",1
"Administración de sistemas de gestión de bases de datos",1
"Programación en Fortran",1
"Desarrollo de aplicaciones con ASP.NET Core",1
"Implementación de sistemas de control de versiones",1
"Desarrollo de aplicaciones con Qt",1
"Análisis de redes neuronales",1
"Facilidad para hablar en público",0
"Capacidad para trabajar en remoto",0
"Actitud empática",0
"Capacidad para tomar decisiones",0
"Adaptabilidad",0
"Orientación al servicio",0
"Habilidades de facilitación",0
"Habilidades de coaching",0
"Capacidad de influencia",0
"Espíritu emprendedor",0
"Desarrollo de aplicaciones móviles híbridas",1
"Programación en Visual Basic .NET",1
"Implementación de sistemas de autenticación",1
"Análisis de sistemas embebidos",1
"Programación en Delphi",1
"Desarrollo de aplicaciones con Mendix",1
"Implementación de soluciones de IoT",1
"Administración de servidores de correo electrónico",1
"Desarrollo de aplicaciones con Low-Code",1
"Análisis de sistemas distribuidos",1
"Trabajo orientado al cliente",0
"Capacidad de resolver conflictos",0
"Habilidades de networking",0
"Capacidad de escucha",0
"Disposición para aprender",0
"Empoderamiento de equipos",0
"Habilidades de facilitación",0
"Visión estratégica",0
"Capacidad de análisis crítico",0
"Compromiso con la diversidad",0
"Programación en PL/SQL",1
"Implementación de sistemas de comercio electrónico",1
"Análisis de procesos de negocio (BPM)",1
"Desarrollo de aplicaciones con SAP",1
"Programación en Swift",1
"Implementación de sistemas SCADA",1
"Desarrollo de aplicaciones con IBM Watson",1
"Análisis de datos con SAS",1
"Implementación de sistemas de Business Intelligence",1
"Programación en ABAP",1
"Capacidad de motivar a otros",0
"Habilidad para manejar situaciones difíciles",0
"Integridad y ética profesional",0
"Compromiso con la calidad",0
"Orientación al logro",0
"Capacidad de negociar",0
"Visión de futuro",0
"Capacidad para trabajar en ambientes cambiantes",0
"Respeto por los demás",0
"Compromiso con los objetivos",0
"Desarrollo de aplicaciones con React Native",1
"Conocimientos en finanzas corporativas",0
"Implementación de sistemas de automatización industrial",1
"Experiencia en gestión de ventas",0
"Programación en Julia para análisis numérico",1
"Habilidades en redacción creativa",0
"Administración de servidores en la nube",1
"Capacidad para trabajar en ambientes ágiles",0
"Desarrollo de aplicaciones con Backbone.js",1
"Conocimientos en derecho empresarial",0
"Implementación de sistemas de reconocimiento de voz",1
"Trabajo en equipo multidisciplinario",0
"Programación en Prolog para inteligencia artificial",1
"Habilidades en fotografía y edición",0
"Desarrollo de aplicaciones con Silverlight",1
"Experiencia en atención al cliente telefónico",0
"Implementación de sistemas de detección de intrusos",1
"Capacidad para manejar información confidencial",0
"Análisis de imágenes y visión por computadora",1
"Conocimientos en logística y distribución",0
"Programación en ActionScript",1
"Habilidades en enseñanza y capacitación",0
"Desarrollo de aplicaciones con Knockout.js",1
"Experiencia en planificación de eventos",0
"Implementación de sistemas de realidad virtual",1
"Capacidad para trabajar en entornos remotos",0
"Análisis de series de tiempo",1
"Conocimientos en gestión de marca",0
"Programación en Ada",1
"Habilidades en gestión de redes sociales",0
"Desarrollo de aplicaciones con CakePHP",1
"Experiencia en gestión de talento humano",0
"Implementación de sistemas de inteligencia de negocios",1
"Trabajo en entornos de alta presión",0
"Análisis de datos geoespaciales",1
"Conocimientos en comercio internacional",0
"Programación en Elixir",1
"Habilidades en diseño de interiores",0
"Desarrollo de aplicaciones con CodeIgniter",1
"Experiencia en consultoría empresarial",0
"Implementación de sistemas de control de acceso",1
"Capacidad para manejar múltiples proyectos",0
"Análisis de sentimientos en redes sociales",1
"Conocimientos en relaciones internacionales",0
"Programación en Crystal",1
"Habilidades en edición de audio y video",0
"Desarrollo de aplicaciones con Phalcon",1
"Experiencia en investigación de mercado",0
"Implementación de sistemas de energía renovable",1
"Trabajo en proyectos interdisciplinarios",0
"Análisis de datos financieros",1
"Conocimientos en psicología del consumidor",0
"Programación en F#",1
"Habilidades en gestión de proyectos culturales",0
"Desarrollo de aplicaciones con Sencha Touch",1
"Experiencia en administración pública",0
"Implementación de sistemas de almacenamiento en la nube",1
"Capacidad para liderar iniciativas",0
"Análisis de algoritmos y estructuras de datos",1
"Conocimientos en educación a distancia",0
"Programación en OCaml",1
"Habilidades en gestión hotelera",0
"Desarrollo de aplicaciones con Ember.js",1
"Experiencia en gestión de crisis",0
"Implementación de sistemas de inteligencia artificial",1
"Trabajo en equipos de alto rendimiento",0
"Análisis de procesos químicos",1
"Conocimientos en antropología social",0
"Programación en Groovy",1
"Habilidades en gestión de patrimonio cultural",0
"Desarrollo de aplicaciones con Meteor",1
"Experiencia en recaudación de fondos",0
"Implementación de sistemas de reconocimiento facial",1
"Capacidad para innovar en procesos",0
"Análisis de mercado internacional",1
"Conocimientos en economía circular",0
"Programación en Nim",1
"Habilidades en mediación y resolución de conflictos",0
"Desarrollo de aplicaciones con NativeScript",1
"Experiencia en gestión de riesgos financieros",0
"Implementación de sistemas de automatización robótica",1
"Trabajo en proyectos de investigación",0
"Análisis de datos climáticos",1
"Conocimientos en agricultura sostenible",0
"Programación en Kotlin",1
"Habilidades en desarrollo comunitario",0
"Desarrollo de aplicaciones con Sails.js",1
"Experiencia en gestión de calidad total",0
"Implementación de sistemas de cadena de bloques",1
"Capacidad para pensar estratégicamente",0
"Análisis de políticas públicas",1
"Conocimientos en derechos humanos",0
"Programación en VHDL para diseño de hardware",1
"Habilidades en coaching ejecutivo",0
"Desarrollo de aplicaciones con LoopBack",1
"Experiencia en recursos humanos",0
"Implementación de sistemas de control numérico",1
"Trabajo en proyectos sociales",0
"Análisis de riesgos laborales",1
"Conocimientos en seguridad alimentaria",0
"Programación en LiveScript",1
"Habilidades en conservación ambiental",0
"Desarrollo de aplicaciones con PhoneGap",1
"Experiencia en gestión de inventarios",0
"Implementación de sistemas de realidad aumentada",1
"Capacidad para gestionar el cambio",0
"Análisis de datos genómicos",1
"Conocimientos en biotecnología",0
"Programación en ReasonML",1
"Habilidades en dirección coral",0
"Desarrollo de aplicaciones con Flutter",1
"Experiencia en gestión educativa",0
"Implementación de sistemas de energía solar",1
"Trabajo en proyectos de desarrollo urbano",0
"Análisis de comportamiento del consumidor",1
"Conocimientos en economía digital",0
"Programación en Monkey X",1
"Habilidades en arqueología",0
"Desarrollo de aplicaciones con Onsen UI",1
"Experiencia en ventas internacionales",0
"Implementación de sistemas de logística inteligente",1
"Capacidad para desarrollar estrategias",0
"Análisis de datos en tiempo real",1
"Conocimientos en demografía",0
"Programación en Boo",1
"Habilidades en artes escénicas",0
"Desarrollo de aplicaciones con Bulma",1
"Experiencia en gestión de la innovación",0
"Implementación de sistemas de control industrial",1
"Trabajo en entornos bilingües",0
"Análisis de señales biomédicas",1
"Conocimientos en nanotecnología",0
"Programación en Purescript",1
"Habilidades en gestión deportiva",0
"Desarrollo de aplicaciones con Kivy",1
"Experiencia en comercio electrónico",0
"Implementación de sistemas de transporte inteligente",1
"Capacidad para negociar contratos",0
"Análisis de procesos empresariales",1
"Conocimientos en responsabilidad social corporativa",0
"Programación en Q#",1
"Habilidades en gestión de bibliotecas",0
"Desarrollo de aplicaciones con Aurelia",1
"Experiencia en marketing estratégico",0
"Implementación de sistemas de almacenamiento distribuido",1
"Trabajo en proyectos internacionales",0
"Análisis de datos cualitativos",1
"Conocimientos en sociología urbana",0
"Programación en Pawn",1
"Habilidades en gestión de archivos",0
"Desarrollo de aplicaciones con FeathersJS",1
"Experiencia en administración de ONG",0
"Implementación de sistemas de iluminación inteligente",1
"Capacidad para resolver problemas complejos",0
"Análisis de eficiencia energética",1
"Conocimientos en energías renovables",0
"Programación en Xojo",1
"Habilidades en gestión de galerías de arte",0
"Desarrollo de aplicaciones con Ratchet",1
"Experiencia en gestión de compras",0
"Implementación de sistemas de reciclaje industrial",1
"Trabajo en proyectos de cooperación internacional",0
"Análisis de datos socioeconómicos",1
"Conocimientos en epidemiología",0
"Programación en Zig",1
"Habilidades en terapia ocupacional",0
"Desarrollo de aplicaciones con Vaadin",1
"Experiencia en gestión de cadenas de suministro",0
"Implementación de sistemas de control ambiental",1
"Capacidad para liderar equipos multidisciplinarios",0
"Análisis de datos de mercado",1
"Conocimientos en historia del arte",0
"Programación en Haxe",1
"Habilidades en gestión de museos",0
"Desarrollo de aplicaciones con Gatsby",1
"Experiencia en gestión de la calidad",0
"Implementación de sistemas de seguridad industrial",1
"Trabajo en proyectos de salud pública",0
"Análisis de datos de salud",1
"Conocimientos en nutrición y dietética",0
"Programación en Euphoria",1
"Habilidades en gestión de recursos naturales",0
"Desarrollo de aplicaciones con Polymer",1
"Experiencia en gestión de ventas",0
"Implementación de sistemas de agricultura inteligente",1
"Capacidad para gestionar presupuestos",0
"Análisis de datos de tráfico",1
"Conocimientos en urbanismo",0
"Programación en Chapel",1
"Habilidades en trabajo social",0
"Desarrollo de aplicaciones con Mithril.js",1
"Experiencia en relaciones institucionales",0
"Implementación de sistemas de inteligencia artificial",1
"Trabajo en proyectos de tecnología educativa",0
"Análisis de datos de sensores",1
"Conocimientos en economía colaborativa",0
"Programación en Agda",1
"Habilidades en traducción e interpretación",0
"Desarrollo de aplicaciones con Turbogears",1
"Experiencia en gestión de eventos",0
"Implementación de sistemas de automatización de hogares",1
"Capacidad para coordinar equipos",0
"Análisis de datos de movilidad",1
"Conocimientos en filantropía",0
"Programación en Idris",1
"Habilidades en diseño textil",0
"Desarrollo de aplicaciones con Wijmo",1
"Experiencia en gestión hotelera",0
"Implementación de sistemas de detección de fraudes",1
"Trabajo en proyectos de inclusión social",0
"Análisis de datos psicológicos",1
"Conocimientos en neurociencia",0
"Programación en Racket",1
"Habilidades en gestión de archivos",0
"Desarrollo de aplicaciones con Amplify",1
"Experiencia en gestión de instalaciones",0
"Implementación de sistemas de análisis predictivo",1
"Capacidad para innovar",0
"Análisis de datos de satisfacción del cliente",1
"Conocimientos en ética empresarial",0
"Programación en lenguaje Crystal",1
"Habilidades en gestión de relaciones interpersonales",0
"Desarrollo de aplicaciones con Phoenix Framework",1
"Experiencia en comunicación efectiva",0
"Implementación de sistemas de análisis de sentimientos",1
"Capacidad para trabajar bajo presión",0
"Programación en lenguaje Nim",1
"Conocimientos en economía internacional",0
"Desarrollo de aplicaciones con Sanic",1
"Habilidades en resolución de conflictos",0
"Implementación de sistemas de aprendizaje automático",1
"Experiencia en ventas minoristas",0
"Programación en lenguaje Elixir",1
"Capacidad para adaptarse a cambios rápidos",0
"Desarrollo de aplicaciones con FastAPI",1
"Conocimientos en psicología organizacional",0
"Implementación de sistemas de visión por computadora",1
"Habilidades en trabajo en equipo",0
"Programación en lenguaje Pony",1
"Experiencia en gestión de inventarios",0
"Desarrollo de aplicaciones con Rocket",1
"Capacidad para liderar equipos de trabajo",0
"Implementación de sistemas de reconocimiento de voz",1
"Conocimientos en marketing digital",0
"Programación en lenguaje Julia",1
"Habilidades en negociación y persuasión",0
"Desarrollo de aplicaciones con Molten",1
"Experiencia en atención al cliente",0
"Implementación de sistemas de procesamiento de lenguaje natural",1
"Capacidad para aprender rápidamente",0
"Programación en lenguaje ReasonML",1
"Conocimientos en logística y distribución",0
"Desarrollo de aplicaciones con Fiber",1
"Habilidades en planificación y organización",0
"Implementación de sistemas de blockchain",1
"Experiencia en gestión de proyectos",0
"Programación en lenguaje OCaml",1
"Capacidad para pensar estratégicamente",0
"Desarrollo de aplicaciones con Actix",1
"Conocimientos en recursos humanos",0
"Implementación de sistemas de inteligencia artificial",1
"Habilidades en presentación y oratoria",0
"Programación en lenguaje F#",1
"Experiencia en investigación de mercado",0
"Desarrollo de aplicaciones con Gin",1
"Capacidad para manejar múltiples tareas",0
"Implementación de sistemas de automatización de pruebas",1
"Conocimientos en finanzas corporativas",0
"Programación en lenguaje Haxe",1
"Habilidades en edición de video",0
"Desarrollo de aplicaciones con Echo",1
"Experiencia en gestión de eventos",0
"Implementación de sistemas de seguridad cibernética",1
"Capacidad para trabajar en entornos multiculturales",0
"Programación en lenguaje Idris",1
"Conocimientos en educación y formación",0
"Desarrollo de aplicaciones con Revel",1
"Habilidades en diseño gráfico",0
"Implementación de sistemas de análisis de datos",1
"Experiencia en relaciones públicas",0
"Programación en lenguaje ATS",1
"Capacidad para resolver problemas complejos",0
"Desarrollo de aplicaciones con Buffalo",1
"Conocimientos en administración pública",0
"Implementación de sistemas de aprendizaje profundo",1
"Habilidades en gestión del tiempo",0
"Programación en lenguaje Zig",1
"Experiencia en gestión de recursos",0
"Desarrollo de aplicaciones con Iris",1
"Capacidad para innovar y crear",0
"Implementación de sistemas de computación en la nube",1
"Conocimientos en derecho laboral",0
"Programación en lenguaje V",1
"Habilidades en mediación y arbitraje",0
"Desarrollo de aplicaciones con Beego",1
"Experiencia en coaching y mentoring",0
"Implementación de sistemas de análisis predictivo",1
"Capacidad para trabajar de forma independiente",0
"Programación en lenguaje D",1
"Conocimientos en comercio internacional",0
"Desarrollo de aplicaciones con Martini",1
"Habilidades en gestión de cambio",0
"Implementación de sistemas de big data",1
"Experiencia en gestión de calidad",0
"Programación en lenguaje Crystal",1
"Capacidad para establecer prioridades",0
"Desarrollo de aplicaciones con Vapor",1
"Conocimientos en gestión ambiental",0
"Implementación de sistemas de inteligencia de negocios",1
"Habilidades en análisis estadístico",0
"Programación en lenguaje Factor",1
"Experiencia en logística inversa",0
"Desarrollo de aplicaciones con Perfect",1
"Capacidad para tomar decisiones informadas",0
"Implementación de sistemas de computación cuántica",1
"Conocimientos en sociología",0
"Programación en lenguaje Grain",1
"Habilidades en atención al detalle",0
"Desarrollo de aplicaciones con Kitura",1
"Experiencia en gestión de riesgos",0
"Implementación de sistemas de automatización industrial",1
"Capacidad para comunicarse claramente",0
"Programación en lenguaje Ballerina",1
"Conocimientos en antropología",0
"Desarrollo de aplicaciones con AIOHTTP",1
"Habilidades en inteligencia emocional",0
"Implementación de sistemas de Internet de las Cosas (IoT)",1
"Experiencia en gestión financiera",0
"Programación en lenguaje Mercury",1
"Capacidad para trabajar en equipo",0
"Desarrollo de aplicaciones con Sanic",1
"Conocimientos en ética profesional",0
"Implementación de sistemas de realidad aumentada",1
"Habilidades en liderazgo",0
"Programación en lenguaje Janet",1
"Experiencia en ventas y marketing",0
"Desarrollo de aplicaciones con Flask",1
"Capacidad para resolver conflictos",0
"Implementación de sistemas de comercio electrónico",1
"Conocimientos en economía circular",0
"Programación en lenguaje Red",1
"Habilidades en servicio al cliente",0
"Desarrollo de aplicaciones con Tornado",1
"Experiencia en gestión de talento humano",0
"Implementación de sistemas de reconocimiento facial",1
"Capacidad para manejar información confidencial",0
"Programación en lenguaje Chapel",1
"Conocimientos en políticas públicas",0
"Desarrollo de aplicaciones con Hapi.js",1
"Habilidades en pensamiento crítico",0
"Implementación de sistemas de logística inteligente",1
"Experiencia en investigación científica",0
"Programación en lenguaje Io",1
"Capacidad para motivar a otros",0
"Desarrollo de aplicaciones con Koa.js",1
"Conocimientos en neurociencia",0
"Implementación de sistemas de análisis de imagen",1
"Habilidades en escritura técnica",0
"Programación en lenguaje Cobra",1
"Experiencia en gestión de proyectos sociales",0
"Desarrollo de aplicaciones con Sails.js",1
"Capacidad para aprender rápidamente nuevas tecnologías",0
"Implementación de sistemas de aprendizaje reforzado",1
"Conocimientos en biotecnología",0
"Programación en lenguaje Picolisp",1
"Habilidades en gestión de conflictos",0
"Desarrollo de aplicaciones con AdonisJS",1
"Experiencia en planificación estratégica",0
"Implementación de sistemas de análisis financiero",1
"Capacidad para trabajar en entornos ágiles",0
"Programación en lenguaje Nix",1
"Conocimientos en ciencias de la salud",0
"Desarrollo de aplicaciones con RedwoodJS",1
"Habilidades en pensamiento analítico",0
"Implementación de sistemas de análisis de datos en tiempo real",1
"Experiencia en gestión de proyectos educativos",0
"Programación en lenguaje Agda",1
"Capacidad para manejar situaciones de estrés",0
"Desarrollo de aplicaciones con NestJS",1
"Conocimientos en agricultura sostenible",0
"Implementación de sistemas de inteligencia artificial explicable",1
"Habilidades en diseño de experiencias de usuario",0
"Programación en lenguaje PureScript",1
"Experiencia en gestión de patrimonio cultural",0
"Desarrollo de aplicaciones con Moleculer",1
"Capacidad para colaborar efectivamente",0
"Implementación de sistemas de seguridad de la información",1
"Conocimientos en ciencias sociales",0
"Programación en lenguaje ReScript",1
"Habilidades en pensamiento creativo",0
"Desarrollo de aplicaciones con UmiJS",1
"Experiencia en gestión de proyectos de construcción",0
"Implementación de sistemas de análisis de voz",1
"Capacidad para tomar decisiones bajo presión",0
"Programación en lenguaje Wren",1
"Conocimientos en economía digital",0
"Desarrollo de aplicaciones con FeathersJS",1
"Habilidades en gestión de proyectos ágiles",0
"Implementación de sistemas de energía renovable",1
"Experiencia en gestión de proyectos internacionales",0
"Programación en lenguaje ATS",1
"Capacidad para pensar de forma innovadora",0
"Desarrollo de aplicaciones con LoopBack",1
"Conocimientos en derecho internacional",0
"Implementación de sistemas de análisis de big data",1
"Habilidades en comunicación interpersonal",0
"Programación en lenguaje Vala",1
"Experiencia en gestión de recursos naturales",0
"Desarrollo de aplicaciones con Lumen",1
"Capacidad para gestionar el tiempo eficazmente",0
"Implementación de sistemas de computación distribuida",1
"Conocimientos en filosofía",0
"Programación en lenguaje GDScript",1
"Habilidades en coaching y desarrollo",0
"Desarrollo de aplicaciones con Restify",1
"Experiencia en gestión de cambio organizacional",0
"Implementación de sistemas de reconocimiento óptico de caracteres",1
"Capacidad para inspirar a otros",0
"Programación en lenguaje Crystal",1
"Conocimientos en psicología social",0
"Desarrollo de aplicaciones con Rocket",1
"Habilidades en pensamiento sistémico",0
"Implementación de sistemas de análisis de riesgos",1
"Experiencia en gestión de proyectos de TI",0
"Programación en lenguaje Zig",1
"Capacidad para trabajar en entornos virtuales",0
"Desarrollo de aplicaciones con Perfect",1
"Conocimientos en historia del arte",0
"Implementación de sistemas de aprendizaje automático",1
"Habilidades en gestión de innovación",0
"Programación en lenguaje Elixir",1
"Experiencia en gestión de proyectos de ingeniería",0
"Desarrollo de aplicaciones con Fiber",1
"Capacidad para resolver problemas técnicos",0
"Implementación de sistemas de análisis de datos genómicos",1
"Conocimientos en educación inclusiva",0
"Programación en lenguaje Haskell",1
"Habilidades en gestión de equipos remotos",0
"Desarrollo de aplicaciones con Falcon",1
"Experiencia en gestión de operaciones",0
"Implementación de sistemas de inteligencia empresarial",1
"Capacidad para negociar efectivamente",0
"Programación en lenguaje Clojure",1
"Habilidades en manejo de conflictos",0
"Desarrollo de aplicaciones con SolidJS",1
"Capacidad para gestionar proyectos complejos",0
"Programación en lenguaje Elm",1
"Habilidades en gestión del tiempo",0
"Desarrollo de aplicaciones con Quasar",1
"Capacidad para aprender de manera autónoma",0
"Programación en lenguaje Karel",1
"Habilidades en negociación y venta",0
"Desarrollo de aplicaciones con Capacitor",1
"Capacidad para diseñar estrategias de negocio",0
"Programación en lenguaje Forth",1
"Capacidad para trabajar en ambientes colaborativos",0
"Desarrollo de aplicaciones con Sapper",1
"Habilidades en pensamiento analítico",0
"Programación en lenguaje Awk",1
"Experiencia en gestión de recursos humanos",0
"Desarrollo de aplicaciones con Glimmer.js",1
"Capacidad para innovar en procesos",0
"Programación en lenguaje Bison",1
"Habilidades en mediación",0
"Desarrollo de aplicaciones con StimulusJS",1
"Capacidad para tomar decisiones estratégicas",0
"Programación en lenguaje OCaml",1
"Conocimientos en responsabilidad social empresarial",0
"Desarrollo de aplicaciones con Mithril.js",1
"Habilidades en análisis de datos",0
"Programación en lenguaje Tcl",1
"Capacidad para liderar iniciativas",0
"Desarrollo de aplicaciones con Alpine.js",1
"Experiencia en gestión de riesgos",0
"Programación en lenguaje Verilog",1
"Habilidades en creatividad e innovación",0
"Desarrollo de aplicaciones con Riot.js",1
"Capacidad para trabajar en entornos virtuales",0
"Programación en lenguaje VHDL",1
"Habilidades en planificación estratégica",0
"Desarrollo de aplicaciones con StencilJS",1
"Conocimientos en ética profesional",0
"Programación en lenguaje Hoon",1
"Capacidad para resolver problemas técnicos",0
"Desarrollo de aplicaciones con LitElement",1
"Experiencia en gestión financiera",0
"Programación en lenguaje MoonScript",1
"Habilidades en trabajo multidisciplinario",0
"Desarrollo de aplicaciones con Dojo Toolkit",1
"Capacidad para adaptarse a nuevas tecnologías",0
"Programación en lenguaje Idris",1
"Conocimientos en economía colaborativa",0
"Desarrollo de aplicaciones con Preact",1
"Habilidades en organización y planificación",0
"Programación en lenguaje Euphoria",1
"Capacidad para trabajar en entornos ágiles",0
"Desarrollo de aplicaciones con Aurelia",1
"Experiencia en gestión de calidad",0
"Programación en lenguaje Modula-3",1
"Habilidades en análisis crítico",0
"Desarrollo de aplicaciones con Marionette.js",1
"Capacidad para trabajar bajo presión",0
"Programación en lenguaje Nim",1
"Conocimientos en sostenibilidad",0
"Desarrollo de aplicaciones con Chaplin.js",1
"Habilidades en comunicación interpersonal",0
"Programación en lenguaje Mercury",1
"Capacidad para gestionar el cambio",0
"Desarrollo de aplicaciones con DerbyJS",1
"Experiencia en gestión de proyectos internacionales",0
"Programación en lenguaje PicoLisp",1
"Habilidades en gestión del conocimiento",0
"Desarrollo de aplicaciones con Feathers",1
"Capacidad para trabajar en equipo",0
"Programación en lenguaje Rebol",1
"Conocimientos en comercio electrónico",0
"Desarrollo de aplicaciones con FlightJS",1
"Habilidades en toma de decisiones",0
"Programación en lenguaje Wren",1
"Experiencia en desarrollo organizacional",0
"Desarrollo de aplicaciones con GatsbyJS",1
"Capacidad para manejar conflictos",0
"Programación en lenguaje ATS",1
"Conocimientos en políticas públicas",0
"Desarrollo de aplicaciones con Sails",1
"Habilidades en liderazgo y motivación",0
"Programación en lenguaje Joy",1
"Capacidad para gestionar proyectos remotos",0
"Desarrollo de aplicaciones con Next.js",1
"Experiencia en gestión de la cadena de suministro",0
"Programación en lenguaje Forth",1
"Habilidades en análisis financiero",0
"Desarrollo de aplicaciones con Nuxt.js",1
"Conocimientos en inteligencia emocional",0
"Programación en lenguaje Pike",1
"Capacidad para negociar acuerdos",0
"Desarrollo de aplicaciones con VuePress",1
"Habilidades en gestión de la diversidad",0
"Programación en lenguaje Janus",1
"Experiencia en gestión de ventas",0
"Desarrollo de aplicaciones con Gridsome",1
"Capacidad para planificar estratégicamente",0
"Programación en lenguaje XQuery",1
"Conocimientos en antropología cultural",0
"Desarrollo de aplicaciones con Elder.js",1
"Habilidades en mentoring",0
"Programación en lenguaje Simula",1
"Capacidad para manejar información confidencial",0
"Desarrollo de aplicaciones con RedwoodJS",1
"Experiencia en desarrollo sostenible",0
"Programación en lenguaje Chapel",1
"Habilidades en facilitación de talleres",0
"Desarrollo de aplicaciones con Marko",1
"Conocimientos en gestión de proyectos educativos",0
"Programación en lenguaje Kite",1
"Capacidad para innovar",0
"Desarrollo de aplicaciones con Preact CLI",1
"Experiencia en análisis de mercado",0
"Programación en lenguaje Haxe",1
"Habilidades en gestión de talento",0
"Desarrollo de aplicaciones con Sapper",1
"Capacidad para trabajar en entornos multiculturales",0
"Programación en lenguaje Io",1
"Conocimientos en economía digital",0
"Desarrollo de aplicaciones con Ractive.js",1
"Habilidades en negociación internacional",0
"Programación en lenguaje Agda",1
"Experiencia en gestión de riesgos financieros",0
"Desarrollo de aplicaciones con Stimulus",1
"Capacidad para manejar múltiples tareas",0
"Programación en lenguaje Crystal",1
"Conocimientos en filosofía empresarial",0
"Desarrollo de aplicaciones con Inferno",1
"Habilidades en análisis de datos",0
"Programación en lenguaje Oz",1
"Capacidad para adaptarse a cambios",0
"Desarrollo de aplicaciones con Ember CLI",1
"Experiencia en investigación de mercados",0
"Programación en lenguaje Factor",1
"Habilidades en planificación financiera",0
"Desarrollo de aplicaciones con Exponent",1
"Conocimientos en derecho comercial",0
"Programación en lenguaje Dylan",1
"Capacidad para liderar equipos virtuales",0
"Desarrollo de aplicaciones con Tauri",1
"Habilidades en gestión de proyectos sociales",0
"Programación en lenguaje Newspeak",1
"Experiencia en gestión de operaciones",0
"Desarrollo de aplicaciones con Vite",1
"Capacidad para resolver problemas complejos",0
"Programación en lenguaje Red",1
"Conocimientos en sociología empresarial",0
"Desarrollo de aplicaciones con Scully",1
"Habilidades en comunicación escrita",0
"Programación en lenguaje Ballerina",1
"Experiencia en gestión de recursos",0
"Desarrollo de aplicaciones con Stencil",1
"Capacidad para trabajar en entornos cambiantes",0
"Programación en lenguaje Zig",1
"Habilidades en gestión del estrés",0
"Desarrollo de aplicaciones con Dojo",1
"Conocimientos en marketing estratégico",0
"Programación en lenguaje Seed7",1
"Capacidad para aprender rápidamente",0
"Desarrollo de aplicaciones con Wails",1
"Experiencia en análisis de datos",0
"Programación en lenguaje Xanadu",1
"Habilidades en gestión de relaciones",0
"Desarrollo de aplicaciones con Quarkus",1
"Capacidad para pensar críticamente",0
"Programación en lenguaje M",1
"Conocimientos en economía política",0
"Desarrollo de aplicaciones con Micronaut",1
"Habilidades en diseño de experiencias",0
"Programación en lenguaje Orc",1
"Experiencia en gestión de contratos",0
"Desarrollo de aplicaciones con Blazor",1
"Capacidad para trabajar bajo presión",0
"Programación en lenguaje Nix",1
"Conocimientos en ética empresarial",0
"Desarrollo de aplicaciones con Razor Pages",1
"Habilidades en gestión del cambio",0
"Programación en lenguaje Koka",1
"Experiencia en gestión de inventarios",0
"Desarrollo de aplicaciones con ASP.NET MVC",1
"Capacidad para colaborar efectivamente",0
"Programación en lenguaje Pharo",1
"Habilidades en liderazgo de equipos",0
"Desarrollo de aplicaciones con Uno Platform",1
"Conocimientos en políticas públicas",0
"Programación en lenguaje Gosu",1
"Experiencia en gestión de calidad total",0
"Desarrollo de aplicaciones con Avalonia",1
"Capacidad para resolver conflictos",0
"Programación en lenguaje Ceylon",1
"Habilidades en gestión de crisis",0
"Desarrollo de aplicaciones con WinUI",1
"Conocimientos en economía internacional",0
"Programación en lenguaje Turing",1
"Experiencia en gestión de proyectos culturales",0
"Desarrollo de aplicaciones con MAUI",1
"Capacidad para tomar decisiones informadas",0
"Programación en lenguaje Curry",1
"Habilidades en pensamiento estratégico",0
"Desarrollo de aplicaciones con Xamarin.Forms",1
"Conocimientos en derecho internacional",0
"Programación en lenguaje ATS2",1
"Experiencia en gestión de cadenas de suministro",0
"Desarrollo de aplicaciones con Uno UI",1
"Capacidad para manejar información sensible",0
"Programación en lenguaje Pony",1
"Habilidades en comunicación intercultural",0
"Programación en lenguaje Squirrel",1
"Desarrollo de aplicaciones con Slim Framework",1
"Implementación de sistemas de control de versiones con Mercurial",1
"Análisis de datos con Apache Pig",1
"Programación en lenguaje Eiffel",1
"Implementación de sistemas de seguridad perimetral",1
"Desarrollo de aplicaciones con ClojureScript",1
"Análisis de datos con MATLAB",1
"Implementación de sistemas de inteligencia de negocios con Pentaho",1
"Programación en lenguaje Smalltalk",1
"Implementación de sistemas de telefonía IP con Asterisk",1
"Análisis de datos con KNIME",1
"Implementación de sistemas de gestión documental",1
"Desarrollo de aplicaciones con Symfony",1
"Desarrollo de aplicaciones con Groovy",1
"Implementación de sistemas de correo electrónico con Postfix",1
"Análisis de datos con RapidMiner",1
"Implementación de sistemas de autenticación con OAuth",1
"Análisis de datos con IBM SPSS",1
"Desarrollo de aplicaciones con Meteor.js",1
"Implementación de sistemas de almacenamiento con SAN",1
"Análisis de datos con Splunk",1
"Implementación de sistemas de virtualización con VMware",1
"Programación en lenguaje LISP",1
"Implementación de sistemas de seguridad con Firewall",1
"Análisis de datos con D3.js",1
"Desarrollo de aplicaciones con Zend Framework",1
"Implementación de sistemas de backup con Bacula",1
"Análisis de datos con Alteryx",1
"Desarrollo de aplicaciones con CodeIgniter",1
"Programación en lenguaje Prolog",1
"Implementación de sistemas de telefonía VoIP",1
"Desarrollo de aplicaciones con PyQt",1
"Implementación de sistemas de integración continua con Bamboo",1
"Análisis de datos con Orange",1
"Programación en lenguaje Pascal",1
"Implementación de sistemas de almacenamiento en la nube",1
"Desarrollo de aplicaciones con OpenGL",1
"Análisis de datos con Pentaho",1
"Programación en lenguaje LabVIEW",1
"Implementación de sistemas de seguridad con Snort",1
"Desarrollo de aplicaciones con Unreal Engine",1
"Análisis de datos con QlikView",1
"Implementación de sistemas de monitoreo con Nagios",1
"Desarrollo de aplicaciones con SFML",1
"Análisis de datos con ELK Stack",1
"Implementación de sistemas de virtualización con KVM",1
"Programación en lenguaje ActionScript",1
"Implementación de sistemas de carga balanceada",1
"Análisis de datos con BIRT",1
"Desarrollo de aplicaciones con PyGame",1
"Programación en lenguaje XSLT",1
"Implementación de sistemas de seguridad con IDS/IPS",1
"Desarrollo de aplicaciones con PyGTK",1
"Análisis de datos con ggplot2",1
"Programación en lenguaje XQuery",1
"Implementación de sistemas de orquestación con Mesos",1
"Desarrollo de aplicaciones con Cocos2d",1
"Análisis de datos con TIBCO Spotfire",1
"Implementación de sistemas de alta disponibilidad",1
"Programación en lenguaje Scratch",1
"Desarrollo de aplicaciones con Babylon.js",1
"Análisis de datos con Microsoft Power BI",1
"Implementación de sistemas de escritorio remoto",1
"Desarrollo de aplicaciones con SDL",1
"Programación en lenguaje OpenEdge ABL",1
"Implementación de sistemas de gestión de contenido con Drupal",1
"Análisis de datos con GraphQL",1
"Desarrollo de aplicaciones con Phaser",1
"Programación en lenguaje RPG",1
"Implementación de sistemas de gestión de relaciones con CRM",1
"Análisis de datos con Apache Drill",1
"Desarrollo de aplicaciones con Panda3D",1
"Implementación de sistemas de procesamiento de eventos complejos",1
"Programación en lenguaje VBA",1
"Análisis de datos con Talend",1
"Desarrollo de aplicaciones con Allegro",1
"Implementación de sistemas de gestión de flotas",1
"Programación en lenguaje PL/SQL",1
"Análisis de datos con Apache Cassandra",1
"Desarrollo de aplicaciones con OGRE 3D",1
"Implementación de sistemas de inteligencia artificial con Prolog",1
"Programación en lenguaje ABAP",1
"Análisis de datos con Gephi",1
"Desarrollo de aplicaciones con MonoGame",1
"Implementación de sistemas de reconocimiento óptico de caracteres",1
"Programación en lenguaje OpenCL",1
"Análisis de datos con Stata",1
"Desarrollo de aplicaciones con Corona SDK",1
"Implementación de sistemas de impresión 3D",1
"Programación en lenguaje Pure Data",1
"Análisis de datos con H2O.ai",1
"Desarrollo de aplicaciones con Processing",1
"Implementación de sistemas de modelado 3D",1
"Programación en lenguaje Q#",1
"Análisis de datos con WEKA",1
"Desarrollo de aplicaciones con Three.js",1
"Implementación de sistemas de automatización de marketing",1
"Programación en lenguaje VHDL",1
"Análisis de datos con Minitab",1
"Desarrollo de aplicaciones con jMonkeyEngine",1
"Implementación de sistemas de gestión energética",1
"Programación en lenguaje Verilog",1
"Análisis de datos con Azure ML Studio",1
"Desarrollo de aplicaciones con Godot Engine",1
"Implementación de sistemas de logística inversa",1
"Programación en lenguaje Xojo",1
"Análisis de datos con IBM Watson Analytics",1
"Desarrollo de aplicaciones con Apache Flex",1
"Implementación de sistemas de gestión de activos",1
"Programación en lenguaje Haxe",1
"Análisis de datos con KNIME Analytics Platform",1
"Desarrollo de aplicaciones con LibGDX",1
"Implementación de sistemas de gestión de recursos humanos",1
"Programación en lenguaje AutoLISP",1
"Análisis de datos con SAP BusinessObjects",1
"Desarrollo de aplicaciones con Qt Creator",1
"Implementación de sistemas de gestión de calidad",1
"Programación en lenguaje Emacs Lisp",1
"Análisis de datos con RapidMiner Studio",1
"Desarrollo de aplicaciones con Oracle ADF",1
"Implementación de sistemas de gestión de inventarios",1
"Programación en lenguaje PicoLisp",1
"Análisis de datos con Dataiku",1
"Desarrollo de aplicaciones con Apache Cordova",1
"Implementación de sistemas de gestión de cadena de suministro",1
"Programación en lenguaje Magik",1
"Análisis de datos con Google Data Studio",1
"Habilidades de comunicación intercultural",0
"Capacidad para gestionar proyectos sociales",0
"Trabajo en equipo colaborativo",0
"Excelentes habilidades de negociación",0
"Capacidad para resolver conflictos laborales",0
"Adaptabilidad a entornos cambiantes",0
"Habilidades de liderazgo efectivo",0
"Orientación al cliente y servicio",0
"Capacidad de análisis crítico",0
"Trabajo bajo presión y con plazos ajustados",0
"Habilidades de pensamiento creativo",0
"Experiencia en ventas y atención al cliente",0
"Capacidad para tomar decisiones estratégicas",0
"Excelente manejo del estrés",0
"Habilidades de organización y planificación",0
"Capacidad para aprender rápidamente",0
"Habilidades de presentación y oratoria",0
"Orientación a resultados",0
"Habilidades en gestión del tiempo",0
"Empatía y escucha activa",0
"Habilidades interpersonales sólidas",0
"Compromiso con el aprendizaje continuo",0
"Capacidad para motivar al equipo",0
"Habilidades de mentoría y coaching",0
"Excelentes habilidades de redacción",0
"Capacidad para gestionar múltiples proyectos",0
"Habilidades de investigación y análisis",0
"Capacidad para establecer relaciones sólidas",0
"Trabajo con plazos estrictos",0
"Habilidades de toma de decisiones",0
"Compromiso con la calidad",0
"Habilidades de gestión de equipos",0
"Trabajo en entornos remotos",0
"Habilidades de comunicación escrita",0
"Capacidad para manejar información confidencial",0
"Habilidades de escucha activa",0
"Trabajo en entornos de rápida evolución",0
"Capacidad para gestionar el cambio",0
"Habilidades de pensamiento analítico",0
"Compromiso con los objetivos organizacionales",0
"Habilidades de adaptación cultural",0
"Habilidades de negociación efectiva",0
"Capacidad para inspirar y motivar",0
"Trabajo con altos niveles de autonomía",0
"Habilidades de pensamiento sistémico",0
"Capacidad para aprender nuevas habilidades",0
"Habilidades de colaboración",0
"Compromiso con la diversidad e inclusión",0
"Capacidad para pensar de manera innovadora",0
"Habilidades de resolución de conflictos",0
"Trabajo en ambientes ágiles",0
"Habilidades de liderazgo transformacional",0
"Habilidades de servicio al cliente",0
"Orientación al logro",0
"Habilidades en gestión de stakeholders",0
"Compromiso con la mejora continua",0
"Habilidades de networking",0
"Trabajo en entornos de incertidumbre",0
"Habilidades de análisis de problemas",0
"Capacidad para liderar equipos remotos",0
"Capacidad para manejar múltiples tareas simultáneamente",0
"Habilidades de comunicación asertiva",0
"Orientación al detalle",0
"Capacidad para trabajar en entornos ambiguos",0
"Habilidades en manejo del estrés",0
"Compromiso con la ética profesional",0
"Habilidades de pensamiento lateral",0
"Capacidad para fomentar la innovación",0
"Habilidades en gestión de recursos",0
"Trabajo en proyectos interdisciplinarios",0
"Capacidad para adaptarse a diferentes culturas",0
"Habilidades de gestión del conocimiento",0
"Capacidad para establecer metas claras",0
"Habilidades de influencia y persuasión",0
"Trabajo con enfoque en soluciones",0
"Capacidad para desarrollar relaciones estratégicas",0
"Habilidades en inteligencia emocional",0
"Compromiso con la responsabilidad social",0
"Habilidades en gestión de la diversidad",0
"Capacidad para facilitar reuniones efectivas",0
"Habilidades de pensamiento prospectivo",0
"Trabajo en entornos regulados",0
"Capacidad para liderar el cambio organizacional",0
"Habilidades en gestión de expectativas",0
"Orientación a la satisfacción del cliente",0
"Capacidad para generar confianza",0
"Habilidades en resolución creativa de problemas",0
"Trabajo con enfoque en la calidad",0
"Capacidad para manejar la ambigüedad",0
"Habilidades de pensamiento global",0
"Compromiso con la transparencia",0
"Capacidad para fomentar el trabajo en equipo",0
"Gobierno", 0